{
  "names": [{"name": "Richleth"}],
  "Richleth": [{
    "testDataVarience": 0,
    "controlDpsData": [
      1605805,
      45982.65625,
      31059.900390625,
      61550.6484375,
      37511.98828125,
      36768.61328125,
      43524.1328125,
      40787.2265625,
      57877.390625,
      53994.19140625,
      60439.203125,
      65631.0859375,
      67987.25,
      70483,
      72025.90625,
      71746.046875,
      71399.8203125,
      78912.4765625,
      74237.4921875,
      74837.2109375,
      76533.953125,
      73194.7421875,
      72599.4609375,
      72717.78125,
      71339.7578125,
      72261.515625,
      74135.390625,
      71876.703125,
      72331.9921875,
      66313.3203125,
      71030.1484375,
      70853.65625,
      72181.703125,
      65624.4609375,
      64656.76171875,
      64843.9140625,
      61539.890625,
      65667.4921875,
      66069.9609375,
      67180.890625,
      65582.015625,
      63682.48046875,
      63971.16796875,
      62990.9375,
      55846.5703125,
      56088.78125,
      54736.515625,
      54376.4453125,
      54862.19140625,
      55389.7421875,
      55384.52734375,
      56287.90234375,
      56674.5390625,
      57441.046875,
      58276.6328125,
      60569.90625,
      60405.48828125,
      60718.06640625,
      58461.85546875,
      62456.7578125,
      58749.5234375,
      59257.1875,
      57538.91015625,
      59887.33984375,
      58759.44921875,
      56955.4296875,
      60670.2734375,
      58342.97265625,
      59538.0234375,
      61553.3046875,
      61670.0859375,
      63438.234375,
      60755.16796875,
      60803.03515625,
      61762.28515625,
      61777.2890625,
      62226.3828125,
      62215.81640625,
      61686.234375,
      62787.51953125,
      61680.71484375,
      65444.453125,
      62777.515625,
      63398.1328125,
      65151.21484375,
      65646.078125,
      63629.8359375,
      63745.73828125,
      63839.46484375,
      65066.3515625,
      65319.61328125,
      66705.2265625,
      69896.0625,
      70335.6875,
      68295.8125,
      68947.8515625,
      68921.1796875,
      64401.78125,
      66322.125,
      64764.3828125,
      65230.6796875,
      65274.69140625,
      64529.69140625,
      62471.5390625,
      65823.1484375,
      66017.8828125,
      67105.984375,
      67461.71875,
      64094.57421875,
      64350.9375,
      64471.3203125,
      64834.30078125,
      66097.9296875,
      65435.63671875,
      65523.02734375,
      68024.734375,
      67850.1015625,
      68096.7890625,
      67877.4609375,
      68735.4453125,
      68698.0859375,
      68633.546875,
      69446.21875,
      68810.984375,
      66968.671875,
      67914.3203125,
      69771.671875,
      68894.734375,
      76013.515625,
      73214.25,
      75929.7421875,
      73761.390625,
      74352.703125,
      72355.015625,
      75748.171875,
      75968.6953125,
      75611.2890625,
      75506.3828125,
      71805.9375,
      73205.921875,
      72954.2890625,
      73420.890625,
      73378.828125,
      70521.125,
      70864.125,
      74931.40625,
      74645.6328125,
      74559.453125,
      73161.203125,
      74947.5703125,
      74991.6875,
      73580,
      74609.6640625,
      74640.5,
      73879.6015625,
      73939.40625,
      71919.5859375,
      70269.9453125,
      71614.125,
      70168.4453125,
      71176.6484375,
      69709.515625,
      71914.6171875,
      72649.8828125,
      71572.4296875,
      71620.15625,
      68823,
      69402.015625,
      68750.546875,
      72652.3203125,
      73322.234375,
      73289.03125,
      72300.890625,
      72424.8203125,
      71520.609375,
      71702.53125,
      71551.984375,
      72272.28125,
      72400.4140625,
      72027.65625,
      72220.046875,
      70616.65625,
      71087.2734375,
      72244.53125,
      69720.8984375,
      69794.328125,
      72854.1953125,
      72169.875,
      72425.4140625,
      75029.640625,
      75296.15625,
      74784.125,
      75292.9765625,
      75115.7109375,
      75360.046875,
      75068.2734375,
      76320.5390625,
      76061.40625,
      76138.7734375,
      73318.1953125,
      73261.3984375,
      78174.4921875,
      78232.3984375,
      78183.25,
      72675.25,
      72941.15625,
      77372.1953125,
      77224.078125,
      77328.5234375,
      76403.5078125,
      76127.5546875,
      77348.2265625,
      76719.2890625,
      76765.6796875,
      74457.3125,
      75390.625,
      76260.1484375,
      77286.2578125,
      71862.3359375,
      71933.65625,
      72235.6484375,
      71207.953125,
      71301.7265625,
      72923.390625,
      73554.8359375,
      73627.0703125,
      71256.15625,
      71079.2265625,
      74604.9453125,
      74652.4609375,
      74881.78125,
      75401.546875,
      74222.3203125,
      73327.75,
      72800.1328125,
      71751.5078125,
      74629.625,
      73069.765625,
      74416.2890625,
      72508.71875,
      72387.96875,
      73727.671875,
      74400.203125,
      73783.25,
      73783.9375
    ],